{
  "project_info": {
    "project_number": "441234100379",
    "project_id": "prueba-firebase01-82696",
    "storage_bucket": "prueba-firebase01-82696.appspot.com"
  },
  "client": [
    {
      "client_info": {
        "mobilesdk_app_id": "1:441234100379:android:408cec080e3576eeec363e",
        "android_client_info": {
          "package_name": "com.msotor.firebase01"
        }
      },
      "oauth_client": [
        {
          "client_id": "441234100379-f1a0t4e1elulll039inc8dd4skf04jv1.apps.googleusercontent.com",
          "client_type": 1,
          "android_info": {
            "package_name": "com.msotor.firebase01",
            "certificate_hash": "61a47276d38828f1477529e7c9a78356b5f074ef"
          }
        },
        {
          "client_id": "441234100379-g2bkfrlfk4udsmen48lmej2gkg20d7th.apps.googleusercontent.com",
          "client_type": 3
        }
      ],
      "api_key": [
        {
          "current_key": "AIzaSyBzTznnfEKd-8RbL8AOAZeZZ0-c-gK9-kA"
        }
      ],
      "services": {
        "appinvite_service": {
          "other_platform_oauth_client": [
            {
              "client_id": "441234100379-g2bkfrlfk4udsmen48lmej2gkg20d7th.apps.googleusercontent.com",
              "client_type": 3
            }
          ]
        }
      }
    }
  ],
  "configuration_version": "1"
}